skim_target,run,file_size_GB,run_start_time,event_count,beam_energy,beam_current_request,half_wave_plate,torus_scale,solenoid_scale,target,run_type
LD2,18431,217.0,2023-10-13 16:53:12,100894209,10547.3,50 nA,0,1.0,-1.0,LD2 ,PROD66
LD2,18433,251.5,2023-10-13 19:58:04,101345587,10547.3,50 nA,0,1.0,-1.0,LD2 ,PROD66
LD2,18434,246.9,2023-10-13 21:34:51,100016935,10547.3,50 nA,0,1.0,-1.0,LD2 ,PROD66
LD2,18435,257.3,2023-10-13 23:23:53,104069649,10547.3,50 nA,0,1.0,-1.0,LD2 ,PROD66
LD2,18436,230.0,2023-10-14 01:40:50,93066027,10547.3,50nA,0,1.0,-1.0,LD2 ,PROD66
LD2,18437,255.3,2023-10-14 04:32:09,102529361,10547.3,50nA,0,1.0,-1.0,LD2 ,PROD66
LD2,18528,251.2,2023-10-21 10:29:24,100165406,10532.2,50 nA,0,1.0,-1.0,LD2 ,PROD67
LD2,18529,253.0,2023-10-21 12:25:52,100083378,10532.2,50 nA,0,1.0,-1.0,LD2 ,PROD67
LD2,18530,253.2,2023-10-21 14:36:26,100036377,10532.2,50 nA,0,1.0,-1.0,LD2 ,PROD67
LD2,18532,253.4,2023-10-21 16:44:43,100029965,10532.2,50 nA,0,1.0,-1.0,LD2 ,PROD67
LD2,18533,261.8,2023-10-21 18:43:25,103396199,10532.2,50 nA,0,1.0,-1.0,LD2 ,PROD67
LD2,18536,257.4,2023-10-21 22:37:06,102303458,10532.2,50 nA,0,1.0,-1.0,LD2 ,PROD67
LD2,18537,253.9,2023-10-22 00:58:03,100432308,10532.2,50 nA,0,1.0,-1.0,LD2 ,PROD67
LD2,18539,255.6,2023-10-22 04:37:33,100983523,10532.2,50 nA,0,1.0,-1.0,LD2 ,PROD67
LD2,18540,257.3,2023-10-22 06:48:27,101447190,10532.2,50 nA,0,1.0,-1.0,LD2 ,PROD67
LD2,18541,253.4,2023-10-22 08:52:48,100030419,10532.2,50 nA,0,1.0,-1.0,LD2 ,PROD67
CxC,18445,286.5,2023-10-14 12:15:10,105750690,10532.2,50,0,1.0,-1.0,CxC ,PROD66
CxC,18446,270.1,2023-10-14 14:08:46,100038997,10532.2,50 nA,0,1.0,-1.0,CxC ,PROD66
CxC,18451,269.3,2023-10-15 03:52:34,100262758,10532.2,50 nA,0,1.0,-1.0,CxC ,PROD66
CxC,18452,272.1,2023-10-15 05:37:53,101480654,10532.2,50 nA,0,1.0,-1.0,CxC ,PROD66
CxC,18453,279.9,2023-10-15 07:21:53,105392648,10532.2,50 nA,0,1.0,-1.0,CxC ,PROD66
CxC,18454,264.3,2023-10-15 09:09:43,100742050,10532.2,,0,1.0,-1.0,CxC ,PROD66
CxC,18459,264.7,2023-10-15 19:06:25,100233153,10532.2,50 nA,0,1.0,-1.0,CxC ,PROD66
CxC,18460,265.4,2023-10-15 20:49:00,100433897,10532.2,50 nA,0,1.0,-1.0,CxC ,PROD66
CxC,18461,200.6,2023-10-15 22:38:51,94143061,10532.2,50 nA,0,1.0,-1.0,CxC ,PROD66
CxC,18463,278.5,2023-10-16 00:27:54,105380829,10532.2,50 nA,0,1.0,-1.0,CxC ,PROD66
CxC,18464,280.5,2023-10-16 02:14:16,105049627,10532.2,50 nA,0,1.0,-1.0,CxC ,PROD66
CxC,18465,272.0,2023-10-16 04:00:47,101821675,10532.2,50 nA,0,1.0,-1.0,CxC ,PROD66
CxC,18468,266.6,2023-10-16 05:57:50,100102960,10532.2,50 nA,0,1.0,-1.0,CxC ,PROD66
CuSn,18561,234.2,2023-10-23 13:08:40,91790185,10532.2,90 nA,0,1.0,-1.0,CuSn ,PROD67
CuSn,18564,256.5,2023-10-23 19:43:09,100225851,10532.2,90 nA,0,1.0,-1.0,CuSn ,PROD67
CuSn,18573,258.4,2023-10-24 07:28:46,100062529,10532.2,86 nA,0,1.0,-1.0,CuSn ,PROD67
CuSn,18574,263.8,2023-10-24 11:18:49,99954114,10532.2,90 nA,0,1.0,-1.0,CuSn ,PROD67
CuSn,18575,262.8,2023-10-24 15:23:52,99996090,10532.2,90 nA,0,1.0,-1.0,CuSn ,PROD67
CuSn,18576,261.5,2023-10-24 19:21:58,99806722,10532.2,90 nA,0,1.0,-1.0,CuSn ,PROD67
CuSn,18587,264.5,2023-10-26 15:16:38,100889207,10532.2,90 nA,1,1.0,-1.0,CuSn ,PROD67
CuSn,18589,264.4,2023-10-26 19:56:38,100589506,10532.2,90 nA,1,1.0,-1.0,CuSn ,PROD67
CuSn,18590,264.1,2023-10-26 23:51:19,100473345,10532.2,90 nA,1,1.0,-1.0,CuSn ,PROD67
CuSn,18591,276.4,2023-10-27 03:43:48,105157499,10532.2,90 nA,1,1.0,-1.0,CuSn ,PROD67
CuSn,18598,267.7,2023-10-27 17:07:12,101983631,10532.2,90 nA,0,1.0,-1.0,CuSn ,PROD67
CuSn,18601,262.2,2023-10-27 21:32:27,100023065,10532.2,90nA,0,1.0,-1.0,CuSn ,PROD67
CuSn,18603,262.3,2023-10-28 01:40:15,100618986,10532.2,90 nA,0,1.0,-1.0,CuSn ,PROD67
CuSn,18614,260.4,2023-10-28 17:53:05,100034086,10532.2,90 nA,0,1.0,-1.0,CuSn ,PROD67
CuSn,18623,237.9,2023-10-29 02:31:43,90802352,10532.2,90 nA,0,1.0,-1.0,CuSn ,PROD67
CuSn,18624,263.9,2023-10-29 06:19:00,100038710,10532.2,90 nA,0,1.0,-1.0,CuSn ,PROD67
CuSn,18625,262.6,2023-10-29 09:57:34,100048471,10532.2,90nA,0,1.0,-1.0,CuSn ,PROD67
CuSn,18626,264.0,2023-10-29 13:59:48,100542451,10532.2,90nA,0,1.0,-1.0,CuSn ,PROD67
CuSn,18627,262.2,2023-10-29 17:32:55,100294297,10532.2,90 nA,0,1.0,-1.0,CuSn ,PROD67
CuSn,18628,261.3,2023-10-29 21:16:48,100011057,10532.2,90 nA,0,1.0,-1.0,CuSn ,PROD67
CuSn,18629,264.1,2023-10-30 01:29:10,100559499,10532.2,90 nA,0,1.0,-1.0,CuSn ,PROD67
CuSn,18630,262.3,2023-10-30 05:16:07,100029989,10532.2,90 nA,0,1.0,-1.0,CuSn ,PROD67
CuSn,18631,264.4,2023-10-30 09:31:38,100027973,10532.2,90nA,1,1.0,-1.0,CuSn ,PROD67
CuSn,18632,289.5,2023-10-30 13:06:17,109867058,10532.2,90nA,1,1.0,-1.0,CuSn ,PROD67
CuSn,18636,266.8,2023-10-30 17:37:32,101591431,10532.2,90 nA,1,1.0,-1.0,CuSn ,PROD67
CuSn,18639,264.0,2023-10-31 00:22:47,100179201,10532.2,90 nA,1,1.0,-1.0,CuSn ,PROD67
CuSn,18642,260.4,2023-10-31 05:09:22,98655072,10532.2,90nA,1,1.0,-1.0,CuSn ,PROD67
CuSn,18666,270.9,2023-11-02 05:42:14,100070147,10532.2,95nA,1,1.0,-1.0,CuSn ,PROD67
CuSn,18667,270.5,2023-11-02 09:09:33,100027862,10532.2,95 nA,1,1.0,-1.0,CuSn ,PROD67
CuSn,18668,272.8,2023-11-02 12:31:21,100088570,10532.2,95 nA,1,1.0,-1.0,CuSn ,PROD67
CuSn,18669,271.2,2023-11-02 15:42:36,100014148,10532.2,95 nA,1,1.0,-1.0,CuSn ,PROD67
CuSn,18670,271.2,2023-11-02 18:53:39,100055174,10532.2,95 nA,1,1.0,-1.0,CuSn ,PROD67
CuSn,18672,273.1,2023-11-02 23:19:26,100198308,10532.2,95 nA,1,1.0,-1.0,CuSn ,PROD67
